ISBN,COUNT
0-385-48001-6,1
0-470-01461-X,1
0-534-17268-7,1
0-553-38366-3,1
0-670-89976-3,1
0-7434-5596-7,1
0-7803-1136-1,1
06-8483-267-4,1
1-85233-802-4,1
15-5860-238-0,1
89-01-05488-4,1
89-420-0350-8,1
89-450-0601-X,1
89-7050-514-8,1
89-8447-142-9,1
978-0-06-242697-0,1
978-0-13-141155-5,1
978-0-13-148005-6,1
978-0-262-03561-3,1
978-0-300-12577-1,1
978-0-307-72095-5,1
978-0-307-88789-4,1
978-0-321-41309-3,1
978-0-321-63773-4,1
978-0-385-34737-2,1
978-0-393-32442-6,1
978-0-393-32946-9,1
978-0-393-33745-7,1
978-0-465-05569-2,1
978-0-470-51625-6,1
978-0-596-00330-2,1
978-0-596-00595-5,1
978-0-596-00610-5,1
978-0-596-00965-6,1
978-0-7352-7851-6,1
978-0-8041-3929-8,1
978-1-108-71695-6,1
978-1-250-02962-1,1
978-1-4000-6351-2,1
978-1-4000-9623-7,1
978-1-4013-0966-4,1
978-1-449-31979-3,1
978-1-449-36761-9,1
978-1-4555-8234-1,1
978-1-491-90142-7,2
978-1-491-91276-8,2
978-1-491-95296-2,1
978-1-491-96229-9,1
978-1-491-98504-5,1
978-1-56592-225-9,1
978-1-57922-644-2,1
978-1-59327-174-9,1
978-1-59327-389-7,1
978-1-59327-567-9,1
978-89 6626-308-0,1
978-89-01-20595-3,1
978-89-012-4559-1,1
978-89-255-6902-4,1
978-89-255-9963-2,1
978-89-278-0812-1,1
978-89-314-5663-9,1
978-89-314-5839-8,1
978-89-314-6304-0,1
978-89-324-7345-1,1
978-89-349-2618-4,1
978-89-349-4720-2,1
978-89-349-6815-3,1
978-89-349-6900-6,1
978-89-349-7784-1,1
978-89-349-8176-3,1
978-89-349-9314-8,1
978-89-349-9917-1,1
978-89-352-1021-3,1
978-89-352-1238-5,1
978-89-378-3433-2,1
978-89-475-2987-7,1
978-89-509-6361-3,1
978-89-509-7108-3,1
978-89-509-8273-7,1
978-89-509-8731-2,1
978-89-521-1523-2,1
978-89-5561-925-6,1
978-89-5605-321-9,2
978-89-5989-510-6,2
978-89-6051-598-7,1
978-89-6055-203-6,1
978-89-6077-031-7,1
978-89-6077-295-3,1
978-89-6077-438-4,1
978-89-6077-543-5,1
978-89-6077-953-2,1
978-89-6088-163-1,1
978-89-6262-169-3,1
978-89-6262-195-2,1
978-89-6262-315-4,1
978-89-6262-350-5,1
978-89-6322-059-8,1
978-89-6322-086-4,3
978-89-6322-119-9,2
978-89-6513-607-1,1
978-89-6540-228-2,1
978-89-6540-252-7,1
978-89-6540-260-2,1
978-89-6596-235-9,1
978-89-6618-758-4,1
978-89-6618-899-4,1
978-89-6626-022-5,1
978-89-6626-025-6,1
978-89-6626-048-5,1
978-89-6626-093-5,1
978-89-6626-095-9,1
978-89-6626-125-3,1
978-89-6626-132-1,1
978-89-6626-143-7,1
978-89-6626-220-5,1
978-89-6626-235-9,1
978-89-6626-243-4,1
978-89-6626-244-1,1
978-89-6626-247-2,1
978-89-6626-251-9,1
978-89-6626-261-8,1
978-89-6626-267-0,1
978-89-6626-408-7,1
978-89-6848-047-8,2
978-89-6848-114-7,1
978-89-6848-121-5,1
978-89-6848-277-9,1
978-89-6848-289-2,1
978-89-6848-459-9,2
978-89-7050-938-9,1
978-89-7184-845-6,1
978-89-7291-632-1,1
978-89-7618-263-0,1
978-89-7914-562-5,1
978-89-7914-759-9,1
978-89-7914-804-6,1
978-89-7914-953-1,1
978-89-8371-465-7,1
978-89-89975-90-8,1
978-89-89988-73-1,1
978-89-90247-67-4,1
978-89-90834-76-8,1
978-89-91268-80-7,1
978-89-94774-29-9,1
978-89-94774-75-6,1
978-89-94774-89-3,3
978-89-958902-7-1,1
978-89-965758-1-8,1
978-89-965929-7-6,1
978-89-97390-57-1,1
978-89-97924-36-3,1
978-89-97924-72-1,1
979-11-294-8915-9,1
979-11-354-9685-1,1
979-11-5542-781-1,1
979-11-5633-043-1,1
979-11-5664-158-2,1
979-11-5664-507-8,1
979-11-5839-073-0,1
979-11-5839-091-4,1
979-11-5839-095-2,1
979-11-5839-098-3,1
979-11-5839-104-1,1
979-11-5839-198-0,1
979-11-5839-199-7,1
979-11-5839-200-0,1
979-11-5839-212-3,1
979-11-5839-237-6,1
979-11-6007-398-0,1
979-11-6050-130-8,2
979-11-6050-131-5,1
979-11-6050-337-1,1
979-11-6050-488-0,1
979-11-6050-517-7,1
979-11-6050-597-9,1
979-11-6050-662-4,1
979-11-6050-782-9,2
979-11-6050-879-6,1
979-11-6050-880-2,1
979-11-6056-021-3,1
979-11-6175-164-1,1
979-11-6175-242-6,1
979-11-6175-265-5,1
979-11-6175-286-0,1
979-11-6175-366-9,1
979-11-6175-373-7,1
979-11-6175-459-8,1
979-11-6175-472-7,1
979-11-6175-508-3,1
979-11-6175-513-7,1
979-11-6175-569-4,1
979-11-6224-013-7,1
979-11-6224-039-7,1
979-11-6224-051-9,1
979-11-6224-068-7,1
979-11-6224-073-1,2
979-11-6224-074-8,1
979-11-6224-081-6,1
979-11-6224-108-0,1
979-11-6224-138-7,1
979-11-6224-174-5,1
979-11-6224-216-2,1
979-11-6224-227-8,1
979-11-6224-255-1,1
979-11-6224-274-2,1
979-11-6224-296-4,2
979-11-6224-299-5,1
979-11-6224-305-3,1
979-11-6224-315-2,1
979-11-6224-328-2,1
979-11-6224-341-1,1
979-11-6224-359-6,1
979-11-6224-406-7,1
979-11-6224-408-1,1
979-11-6224-416-6,1
979-11-6224-465-4,1
979-11-6484-190-5,1
979-11-6521-039-7,1
979-11-6521-163-9,1
979-11-6579-539-9,1
979-11-85059-11-2,1
979-11-85415-16-1,1
979-11-85459-54-7,1
979-11-85578-46-0,1
979-11-85578-60-6,1
979-11-85890-41-8,1
979-11-85890-42-5,1
979-11-85890-59-3,1
979-11-85890-85-2,1
979-11-85890-86-9,1
979-11-85982-53-3,1
979-11-86560-79-2,1
979-11-86659-48-9,1
979-11-86697-17-7,1
979-11-86697-69-6,1
979-11-86710-05-0,1
979-11-86805-39-8,1
979-11-87139-21-8,3
979-11-87525-82-0,1
979-11-88621-05-7,1
979-11-88621-13-2,1
979-11-88621-25-5,1
979-11-88621-42-2,2
979-11-88621-66-8,1
979-11-88719-02-0,1
979-11-88850-94-5,1
979-11-89184-07-0,1
979-11-89318-10-9,1
979-11-89327-05-7,1
979-11-89347-04-8,1
979-11-89430-20-7,1
979-11-89932-47-3,1
979-11-90314-00-8,1
979-11-90356-60-2,1
979-11-90665-17-9,1
979-11-90665-23-0,1
979-11-90665-61-2,1
979-11-91056-47-1,1
979-11-954204-5-2,1
979-11-954845-8-4,1
979-11-955156-7-7,1
979-11-955811-8-4,1
979-11-960400-9-3,1
979-11-9606-769-4,1
979-11-969975-8-8,1
979-86-4407-437-2,1